{
  "project_info": {
    "project_number": "50410981241",
    "firebase_url": "https://fmkinp.firebaseio.com",
    "project_id": "fmkinp",
    "storage_bucket": "fmkinp.appspot.com"
  },
  "client": [
    {
      "client_info": {
        "mobilesdk_app_id": "1:50410981241:android:060e1f33865aaf9eab91a8",
        "android_client_info": {
          "package_name": "com.example.fmkinp"
        }
      },
      "oauth_client": [
        {
          "client_id": "50410981241-545s06q6os1i7b9l07bdnq2m5298cpr5.apps.googleusercontent.com",
          "client_type": 3
        }
      ],
      "api_key": [
        {
          "current_key": "AIzaSyAknpVdXtbOinYwi2y-oauFYIOasi0-b6o"
        }
      ],
      "services": {
        "appinvite_service": {
          "other_platform_oauth_client": [
            {
              "client_id": "50410981241-545s06q6os1i7b9l07bdnq2m5298cpr5.apps.googleusercontent.com",
              "client_type": 3
            }
          ]
        }
      }
    }
  ],
  "configuration_version": "1"
}